longitude,count
-155.913417,22728
-111.872222,19566
-90.198348,19549
-93.03587,19100
-75.558056,17330
-87.401312,17181
-78.574167,17173
-91.179219,17083
-121.268523,16818
-122.237976,15976
-77.18675,15801
-96.860117,15791
-76.604603,15768
-94.858584,15754
-84.2905,15719
-104.987625,15654
-100.76821,15572
-86.214628,15326
-93.643118,15117
-77.013178,15074
-119.77321,15009
-75.341111,14939
-111.713611,14860
-79.505667,14763
-86.114444,14749
-122.4517,14641
-71.36097,14626
-79.902222,14390
-114.021499,14287
-112.013089,14273
-106.5852,14200
-94.57079,14114
-86.8525,13980
-118.683685,13976
-71.412968,13961
-76.283333,13948
-95.973142,13846
-76.846988,13750
-155.480183,13730
-122.171529,13626
-155.778136,13498
-111.852199,13316
-117.41601,13278
-101.766944,13077
-80.420833,13006
-90.587611,12885
-122.308628,12845
-74.208365,12781
-77.877028,12718
-86.815,12702
-72.902871,12671
-80.316442,12647
-78.915,12580
-73.82153,12549
-91.68766,12540
-84.0998,12510
-79.960757,12502
-80.484779,12141
-105.343164,11975
-75.9686,11947
-95.976537,11941
-79.868062,11939
-155.11053,11928
-157.969126,11894
-75.623056,11836
-87.304943,11823
-77.30968,11772
-86.214722,11742
-117.871036,11741
-112.095767,11668
-90.263711,11639
-117.93845,11592
-76.699444,11590
-76.878333,11479
-157.85542,11449
-81.468956,11448
-85.101816,11412
-75.3725,11259
-111.931,11259
-87.199167,11206
-73.902,11205
-71.0543,11143
-80.038611,11079
-75.864771,10989
-112.14256,10975
-122.399044,10885
-71.72,10864
-81.365556,10832
-119.807717,10796
-72.631667,10791
-92.281296,10784
-96.85535,10702
-149.824602,10621
-110.9823,10620
-75.768242,10609
-72.272332,10608
-74.052293,10606
-122.026154,10602
-119.716433,10550
-158.088613,10505
-77.20978,10426
-77.106876,10423
-118.17533,10360
-134.567237,10357
-86.504762,10348
-82.2304,10312
-75.309167,10261
-82.414585,10230
-121.623271,10207
-94.377014,10195
-96.700769,10195
-101.941218,10186
-112.501247,10170
-103.273777,10158
-87.577222,10147
-117.32554,10147
-106.455227,10117
-121.894898,10116
-122.20337,10113
-120.994212,10090
-83.442133,10044
-114.158889,10014
-103.48386,9946
-86.7389,9940
-122.338265,9918
-115.11393,9910
-156.446373,9875
-91.503478,9808
-94.57983,9758
-92.450366,9697
-93.25821,9669
-95.956103,9668
-72.309499,9662
-81.3625,9659
-97.475083,9655
-94.03474,9655
-117.09023,9618
-157.871171,9602
-85.629292,9584
-118.870509,9580
-123.20655,9571
-76.958072,9550
-77.720244,9550
-104.778334,9478
-97.431553,9478
-109.87076,9455
-121.784217,9444
-120.499167,9425
-80.785683,9370
-121.98822,9357
-82.739875,9320
-120.836008,9310
-80.215556,9299
-95.78441,9276
-73.75464,9262
-115.553309,9253
-70.748017,9246
-80.224501,9236
-122.169935,9212
-85.81566,9211
-90.350313,9203
-115.078742,9165
-111.987164,9161
-77.10468,9160
-112.07526,9145
-96.707208,9142
-71.0826,9127
-81.15495,9124
-93.207615,9120
-90.395904,9119
-121.574684,9091
-118.22688,9088
-87.99344,9051
-77.40027,9015
-94.13345,9000
-120.56388,8996
-76.296946,8979
-88.39509,8930
-121.164457,8919
-85.652184,8918
-71.878626,8912
-85.968446,8899
-149.031655,8895
-119.143182,8892
-90.189868,8863
-116.236667,8796
-114.224273,8788
-120.680277,8782
-80.261389,8766
-121.6031,8760
-121.3621,8759
-95.257593,8755
-103.2995,8712
-122.520004,8688
-85.832974,8672
-110.936718,8663
-85.65452,8653
-73.043611,8645
-79.56475,8639
-93.23725,8603
-111.975524,8512
-111.884467,8500
-120.382331,8492
-120.433671,8484
-119.062613,8484
-84.50404,8429
-120.034203,8427
-118.80998,8422
-112.11821,8413
-80.06501,8407
-102.4018,8398
-83.2082,8387
-155.102028,8370
-75.5568,8365
-119.643447,8359
-79.802314,8353
-76.05921,8338
-120.435611,8295
-122.230278,8288
-88.996896,8263
-105.370283,8256
-85.293019,8231
-72.982778,8228
-115.357087,8209
-95.128508,8180
-97.128802,8132
-73.194722,8105
-108.761389,8096
-75.797317,8082
-79.012,8061
-120.58777,8048
-78.370833,7990
-106.48982,7988
-106.65739,7965
-71.10229,7929
-111.8375,7885
-115.48307,7882
-70.970816,7878
-92.165998,7869
-75.142614,7868
-91.213556,7856
-121.09959,7851
-72.86884,7843
-80.6158,7839
-71.38014,7837
-121.247874,7808
-108.561173,7796
-101.428056,7777
-123.35264,7771
-71.794322,7763
-85.89804,7753
-79.836636,7719
-95.81789,7713
-117.088649,7708
-116.830074,7693
-80.2627,7688
-77.54817,7674
-92.536305,7649
-76.1124,7618
-118.147294,7603
-112.19193,7598
-75.186921,7590
-82.5844,7560
-77.838611,7537
-75.6106,7535
-76.383447,7526
-68.2609,7519
-114.189272,7516
-81.678449,7513
-81.633981,7493
-110.009732,7479
-89.67979,7470
-119.746761,7462
-111.663056,7440
-79.958694,7414
-111.86536,7412
-159.36624,7397
-112.06619,7376
-71.169235,7353
-122.3167,7348
-71.423705,7322
-149.569707,7320
-118.18921,7319
-87.93369,7298
-119.2313,7295
-82.53532,7259
-121.618549,7256
-119.691218,7248
-74.882222,7244
-86.924167,7226
-121.73333,7220
-121.126371,7201
-75.080833,7179
-71.056061,7166
-111.752222,7143
-83.068473,7121
-84.36625,7110
-72.555112,7110
-84.478974,7105
-112.036298,7077
-119.56565,6987
-97.08135,6985
-86.653137,6981
-70.268965,6961
-122.627397,6957
-122.281803,6944
-111.660502,6920
-119.7661,6889
-90.272826,6851
-117.61722,6842
-87.913504,6822
-78.953112,6817
-105.079693,6813
-76.141006,6806
-112.018863,6787
-83.344385,6785
-149.10622,6765
-109.455315,6762
-91.067957,6756
-120.6693,6734
-111.038389,6730
-111.93471,6706
-121.368014,6684
-74.170447,6673
-88.37251,6666
-87.8093,6648
-122.356811,6625
-107.862471,6624
-97.356529,6613
-88.21507,6597
-70.214219,6591
-98.42879,6581
-115.052942,6574
-94.635605,6573
-122.282347,6550
-105.0153,6549
-114.61444,6543
-85.671339,6526
-73.2106,6508
-118.200707,6494
-90.28115,6466
-122.46256,6453
-73.24984,6451
-81.547778,6450
-97.484099,6429
-112.353414,6413
-93.66921,6410
-75.165206,6394
-94.1303,6393
-112.455813,6387
-89.4358,6364
-103.37853,6364
-73.443056,6362
-81.682383,6316
-95.846272,6303
-91.495574,6300
-87.799227,6299
-94.450513,6275
-80.233889,6272
-104.70693,6264
-85.939546,6257
-76.633543,6195
-105.00518,6187
-75.4325,6186
-83.950666,6180
-85.852629,6171
-119.732507,6164
-78.904037,6163
-68.321106,6133
-93.909018,6096
-86.109688,6087
-81.024141,6083
-84.343035,6073
-84.47445,6066
-122.480487,6061
-73.297257,6019
-97.314847,6010
-88.62111,6006
-104.485552,5975
-96.004975,5969
-74.763167,5958
-113.5586,5949
-76.181233,5932
-122.263376,5931
-93.254759,5920
-84.364207,5911
-72.07882,5856
-80.482778,5851
-91.2269,5838
-85.891332,5831
-122.818294,5824
-108.02611,5815
-80.256944,5805
-83.543493,5800
-68.016195,5797
-80.071337,5785
-106.578785,5777
-121.49311,5765
-122.61428,5735
-84.720524,5734
-107.549444,5728
-83.80949,5727
-81.877908,5725
-81.9239,5707
-117.4924,5707
-70.546319,5693
-119.8284,5683
-106.599715,5669
-74.192892,5658
-90.69813,5612
-75.067815,5600
-77.46925,5584
-76.84611,5563
-71.012129,5558
-86.148577,5547
-82.64041,5538
-89.2922,5521
-81.310556,5507
-122.319722,5497
-75.09778,5480
-81.972222,5479
-108.720003,5471
-121.849783,5465
-90.211982,5459
-105.100856,5448
-71.417457,5442
-83.8134,5433
-84.389708,5429
-113.305096,5423
-74.448736,5414
-98.931973,5408
-75.32328,5404
-106.768337,5403
-105.539763,5400
-82.507222,5394
-74.985166,5380
-89.35768,5379
-105.070358,5373
-86.13088,5369
-120.66804,5336
-83.599602,5336
-75.6036,5326
-121.731369,5316
-75.125219,5315
-81.373,5303
-84.198674,5301
-97.342332,5291
-82.0224,5291
-105.2133,5264
-82.521599,5262
-80.237586,5255
-88.80859,5255
-89.98778,5253
-119.77319,5251
-72.596689,5246
-112.03705,5240
-83.640996,5235
-83.87381,5197
-97.712891,5194
-88.53393,5188
-97.52709,5177
-95.029172,5168
-82.114261,5167
-104.828564,5146
-117.364852,5144
-90.177574,5143
-118.130511,5139
-122.083092,5133
-89.049778,5130
-86.21487,5110
-123.083737,5108
-109.539683,5104
-118.330783,5091
-113.890285,5059
-95.031232,5059
-83.5978,5058
-109.561472,5049
-93.285803,5036
-72.679923,5025
-86.967536,5016
-100.287269,5007
-96.807299,5003
-74.429439,4994
-103.63951,4993
-115.447769,4993
-80.666447,4987
-78.4622,4944
-120.4575,4936
-89.644164,4932
-115.122953,4924
-84.0691,4905
-72.334079,4901
-72.590803,4897
-83.10653,4892
-87.8102,4885
-120.66617,4874
-83.670159,4872
-90.5972,4871
-87.863225,4867
-84.542802,4867
-87.749928,4866
-120.545,4854
-92.77525,4841
-82.31307,4833
-111.089618,4821
-80.092778,4821
-81.606833,4797
-117.075086,4792
-89.788459,4790
-87.0096,4788
-89.382157,4772
-81.0525,4764
-75.413973,4763
-103.122917,4760
-76.939167,4759
-93.299894,4753
-122.58737,4751
-82.815585,4744
-92.08936,4742
-102.5273,4740
-76.387017,4724
-89.584737,4721
-94.746424,4711
-84.49761,4701
-66.11446,4692
-156.493626,4680
-88.190967,4668
-83.2377,4664
-92.78336,4660
-87.20355,4659
-78.50397,4656
-87.075307,4630
-92.511722,4629
-119.658339,4626
-87.475543,4622
-111.809167,4620
-76.953426,4609
-104.9886,4607
-80.341962,4605
-84.596195,4598
-81.924797,4592
-73.96618,4590
-84.279903,4589
-74.276174,4581
-79.863572,4560
-68.769675,4545
-93.284874,4543
-84.607423,4526
-76.474444,4524
-88.624943,4511
-83.942152,4498
-116.571281,4494
-111.987871,4487
-88.925594,4469
-88.152534,4466
-90.021537,4463
-85.54189,4462
-83.54616,4432
-93.512534,4417
-90.182722,4417
-75.732,4398
-98.291069,4388
-95.711275,4365
-117.92391,4357
-121.055608,4349
-82.26608,4326
-85.992647,4317
-82.062082,4313
-88.116474,4293
-81.621161,4273
-81.394153,4269
-116.21537,4263
-96.056686,4259
-84.55117,4232
-75.207205,4223
-77.05922,4199
-74.742613,4197
-89.69098,4186
-90.51735,4183
-122.25556,4169
-84.538375,4164
-97.337917,4162
-89.654,4156
-76.512726,4142
-73.93432,4140
-81.345347,4130
-111.96799,4122
-87.328041,4121
-84.999653,4119
-80.733858,4116
-79.467417,4102
-85.740111,4098
-74.806671,4096
-121.84047,4094
-85.492107,4094
-82.50954,4080
-80.26567,4080
-81.693717,4060
-91.41445,4056
-110.830833,4049
-90.65615,4023
-92.328697,4020
-80.169817,4016
-80.611813,4007
-77.18347,3991
-85.005028,3980
-89.395916,3961
-96.683314,3957
-97.366399,3956
-94.317802,3955
-97.462931,3943
-122.87923,3936
-96.747325,3935
-81.541532,3934
-122.710169,3929
-99.763424,3911
-122.44028,3898
-75.025204,3893
-86.873547,3880
-84.891865,3864
-73.214444,3853
-93.866944,3833
-117.67593,3830
-115.253333,3818
-101.571583,3814
-115.175654,3804
-122.296189,3796
-120.33266,3791
-80.628611,3789
-119.71877,3788
-119.04872,3788
-117.149653,3778
-82.806871,3777
-116.365203,3755
-85.3009,3746
-115.362234,3746
-119.51896,3746
-79.88452,3744
-83.925773,3740
-88.57251,3739
-122.302741,3723
-71.097163,3708
-106.955933,3708
-78.809526,3697
-82.005211,3687
-80.395039,3685
-83.890721,3680
-83.096033,3678
-120.944376,3674
-80.176389,3666
-87.93434,3655
-105.388566,3647
-87.495044,3635
-95.326137,3623
-84.0539,3621
-103.17781,3619
-106.07968,3612
-86.12202,3607
-71.496335,3581
-122.602877,3565
-122.586944,3560
-90.225667,3551
-68.772762,3550
-80.645278,3548
-87.638097,3546
-65.618888,3527
-82.98104,3525
-90.377212,3518
-83.64226,3505
-95.896124,3504
-78.8197,3497
-87.003611,3468
-86.263394,3464
-82.99344,3452
-87.442017,3444
-83.277928,3440
-82.91701,3437
-83.946559,3424
-82.456229,3409
-85.24293,3400
-111.894167,3399
-81.495035,3399
-95.220582,3395
-80.866983,3393
-118.31712,3392
-83.148754,3386
-76.30135,3385
-85.77935,3373
-80.874084,3364
-80.127545,3362
-104.676944,3361
-71.014739,3361
-77.960781,3348
-80.80116,3337
-87.323337,3328
-90.185059,3327
-90.344494,3326
-95.925382,3326
-86.586362,3325
-85.852734,3309
-96.797686,3306
-113.055525,3304
-97.577981,3302
-73.110414,3293
-80.962304,3284
-82.793463,3278
-78.08157,3273
-83.065415,3269
-85.82678,3266
-97.49383,3263
-119.291228,3262
-121.211131,3247
-116.942092,3240
-76.579722,3239
-86.166464,3225
-87.484189,3219
-104.93836,3216
-80.198787,3203
-104.939925,3192
-98.620166,3181
-84.503624,3176
-75.761299,3172
-122.633579,3168
-84.03598,3155
-147.722461,3123
-73.8589,3122
-83.2933,3108
-84.51657,3107
-81.130222,3103
-81.161823,3098
-77.993893,3087
-115.238282,3086
-77.360126,3079
-85.7119,3079
-106.50815,3071
-84.346389,3067
-147.727413,3061
-106.613815,3058
-87.832349,3056
-90.624044,3049
-90.734175,3049
-113.1506,3044
-81.494833,3044
-101.909275,3043
-84.3543,3040
-149.455255,3038
-105.5839,3016
-91.55896,3003
-84.524061,3000
-117.715066,2999
-82.659241,2989
-120.480456,2974
-80.65847,2967
-73.239648,2963
-106.60468,2957
-98.311692,2955
-66.05251,2954
-107.870219,2953
-83.20932,2951
-84.51713,2949
-119.015009,2947
-119.733,2942
-84.49709,2936
-86.929668,2919
-79.920867,2913
-91.6793,2907
-82.469532,2902
-89.930278,2894
-94.861289,2889
-88.809578,2875
-121.903019,2873
-108.736281,2872
-99.533333,2871
-104.818239,2870
-77.012816,2870
-93.09827,2870
-81.552367,2868
-78.896389,2862
-122.456463,2860
-87.342947,2857
-90.350659,2856
-149.903111,2855
-83.88705,2850
-120.353969,2849
-77.25925,2846
-120.184592,2841
-108.425978,2840
-114.2525,2821
-76.9063,2819
-100.451156,2818
-156.370344,2816
-79.860973,2814
-97.298692,2810
-86.7341,2806
-80.096353,2799
-85.387908,2789
-102.645864,2783
-71.061741,2781
-87.46375,2776
-87.406579,2775
-94.60166,2765
-95.47594,2764
-72.584503,2761
-84.187678,2745
-77.5664,2741
-86.891216,2736
-92.046196,2720
-105.263382,2718
-80.88865,2716
-82.1641,2712
-105.019526,2710
-73.336667,2710
-81.853635,2708
-80.596635,2706
-75.011944,2704
-80.243995,2702
-71.379971,2698
-111.901188,2691
-85.803608,2689
-87.931983,2687
-77.48925,2685
-94.687013,2684
-71.306986,2681
-104.95665,2679
-117.059088,2677
-82.9881,2675
-96.146175,2674
-84.390717,2671
-98.486111,2670
-82.959773,2663
-111.945849,2662
-80.34225,2654
-93.7479,2651
-87.532289,2650
-106.683324,2647
-111.503222,2644
-82.4259,2639
-77.963845,2637
-121.458499,2633
-82.387778,2632
-93.579965,2628
-84.534633,2627
-105.386453,2625
-85.969858,2613
-118.1272,2610
-81.993808,2610
-90.618755,2610
-120.34195,2599
-90.139675,2595
-81.662356,2594
-90.779731,2591
-94.226234,2586
-85.52347,2586
-104.937438,2584
-84.45826,2582
-115.56306,2579
-93.000178,2578
-97.69166,2574
-83.183199,2562
-72.076667,2557
-75.050008,2556
-74.676301,2556
-93.34315,2552
-102.334745,2550
-104.82405,2544
-91.062552,2544
-117.49201,2539
-121.99887,2533
-83.266189,2529
-80.8745,2526
-85.390789,2522
-74.00885,2521
-79.727664,2520
-97.248611,2519
-84.5666,2517
-79.805499,2497
-88.087761,2496
-81.656792,2494
-80.787053,2483
-81.2352,2482
-75.518056,2480
-83.000138,2475
-98.391403,2474
-84.9789,2473
-94.07778,2473
-75.222403,2473
-87.880258,2472
-83.091943,2469
-115.504995,2466
-84.9316,2465
-101.78698,2459
-123.053487,2458
-95.88235,2457
-85.3232,2457
-118.997627,2451
-81.818667,2450
-117.274063,2447
-80.134667,2447
-87.469954,2445
-80.169943,2440
-81.575256,2437
-103.22824,2434
-80.882572,2431
-110.79799,2428
-147.310297,2428
-118.53276,2427
-116.347853,2424
-90.239166,2421
-112.299618,2420
-73.94771,2417
-93.795179,2411
-88.242207,2403
-73.973314,2401
-76.627933,2400
-89.08917,2400
-85.741337,2391
-74.13719,2391
-84.435618,2384
-75.491944,2384
-116.54101,2384
-87.557406,2383
-90.10155,2382
-77.034059,2382
-80.6063,2377
-118.96652,2375
-87.805377,2375
-91.939208,2375
-116.1897,2374
-90.361492,2370
-95.044951,2353
-119.739606,2345
-97.362212,2339
-121.26498,2338
-82.256701,2337
-74.168092,2333
-82.644381,2332
-86.23858,2330
-115.53917,2330
-84.394952,2330
-106.584434,2327
-76.68538,2310
-117.396177,2309
-106.501243,2308
-83.129431,2303
-75.686219,2300
-75.846389,2292
-107.6023,2278
-76.74417,2275
-81.703803,2272
-81.635396,2267
-73.254108,2245
-90.109836,2244
-90.105851,2239
-84.61152,2235
-86.983214,2232
-103.656561,2232
-79.215011,2230
-122.275024,2230
-83.153905,2219
-155.08065,2217
-92.672263,2207
-86.309694,2201
-83.103469,2199
-79.955733,2181
-111.105891,2177
-89.850249,2175
-83.426263,2174
-124.20139,2161
-106.558044,2161
-109.220852,2160
-85.574361,2160
-121.73269,2153
-94.167468,2148
-90.600115,2147
-92.410746,2146
-119.120278,2146
-87.539315,2140
-97.431052,2137
-84.284952,2136
-86.549167,2130
-86.285247,2123
-81.242156,2121
-94.731988,2120
-72.916944,2114
-115.111666,2103
-97.1577,2099
-118.0685,2095
-87.419725,2094
-74.431,2089
-118.205,2088
-85.950227,2088
-111.855443,2087
-66.627249,2082
-86.349438,2082
-92.006318,2080
-82.073333,2078
-117.358121,2074
-105.983056,2065
-155.798067,2064
-114.305334,2062
-117.154841,2058
-97.875084,2058
-72.900935,2054
-75.002405,2049
-110.353,2045
-123.141352,2045
-122.38092,2042
-77.45118,2042
-90.193141,2039
-87.435561,2032
-94.693518,2031
-89.87065,2025
-75.404397,2020
-85.04534,2019
-80.219619,2016
-81.663056,2010
-80.700972,2009
-122.6679,2008
-115.332728,2002
-90.160477,1998
-76.546861,1994
-71.164413,1991
-87.876265,1991
-92.427859,1990
-109.06926,1989
-87.384666,1988
-88.81964,1983
-82.731767,1980
-81.908827,1979
-94.83931,1977
-73.75733,1970
-81.153333,1966
-83.73694,1965
-88.527879,1960
-112.094722,1957
-86.816667,1957
-86.669167,1948
-98.378888,1937
-73.255089,1937
-83.333775,1935
-73.984,1932
-84.944635,1927
-115.820124,1926
-119.7954,1923
-112.036109,1917
-87.920794,1916
-116.944308,1914
-96.726435,1906
-74.422403,1895
-92.042908,1889
-87.568574,1888
-77.498041,1885
-91.188906,1880
-119.699065,1871
-106.36501,1870
-79.159722,1869
-93.214668,1862
-97.196284,1862
-78.50442,1860
-73.41919,1859
-86.821104,1857
-105.303528,1854
-117.903425,1852
-80.580717,1850
-94.424288,1847
-74.87266,1843
-71.458246,1836
-80.851473,1836
-71.798375,1829
-78.81952,1829
-87.370553,1826
-85.679952,1823
-105.954188,1819
-75.097617,1814
-87.305556,1812
-86.9425,1812
-82.402918,1811
-85.664118,1808
-84.144201,1806
-81.628317,1800
-92.243587,1797
-114.336962,1797
-74.213889,1796
-81.197433,1792
-111.849722,1789
-91.391012,1788
-98.364967,1784
-113.996196,1782
-96.80071,1777
-110.098861,1774
-121.961823,1771
-91.070975,1769
-122.880266,1767
-122.972398,1763
-95.632286,1751
-81.991426,1748
-77.5669,1744
-74.483433,1742
-117.123964,1742
-108.511542,1738
-91.315418,1731
-77.231189,1729
-73.87809,1724
-87.713488,1723
-80.326389,1722
-92.13354,1719
-78.77153,1716
-81.14399,1715
-75.180525,1709
-117.40063,1703
-90.143168,1701
-82.377871,1699
-73.96661,1697
-79.00106,1696
-117.690889,1696
-66.165016,1695
-93.01708,1691
-86.242649,1689
-78.99028,1673
-79.767347,1672
-77.655389,1669
-79.407821,1668
-88.280015,1668
-87.722673,1663
-155.2578,1648
-115.263038,1640
-80.408104,1636
-116.562676,1634
-94.116827,1634
-92.316017,1633
-118.823033,1631
-88.63774,1624
-116.563232,1621
-97.297714,1619
-87.748902,1616
-87.567236,1612
-82.78215,1600
-94.070802,1587
-73.92009,1582
-80.081017,1575
-107.119184,1572
-83.471878,1571
-66.802253,1566
-77.385798,1565
-111.864167,1558
-94.694816,1555
-89.135115,1549
-76.272162,1548
-88.766222,1548
-122.3858,1547
-71.798405,1542
-111.921111,1539
-92.344074,1537
-97.275896,1533
-79.58961,1518
-94.56524,1517
-85.304826,1508
-84.83845,1489
-87.508345,1488
-93.614385,1487
-86.115415,1486
-84.409617,1483
-85.71192,1482
-73.99518,1481
-93.10005,1481
-90.1412,1470
-83.425042,1468
-90.586049,1466
-94.441061,1466
-88.731491,1465
-75.95774,1464
-74.031718,1456
-96.362777,1453
-84.507439,1449
-90.226488,1443
-124.17949,1436
-121.84885,1431
-93.276699,1431
-88.329374,1429
-72.597133,1425
-93.761341,1425
-120.471667,1423
-86.207826,1421
-73.76575,1419
-117.128752,1415
-119.7775,1415
-73.73388,1412
-104.597613,1412
-155.287853,1411
-73.407222,1411
-71.11397,1406
-86.132879,1405
-94.524413,1404
-90.144763,1402
-122.324014,1400
-74.12525,1392
-91.0616,1391
-92.337164,1391
-98.494061,1390
-120.844773,1389
-122.698889,1386
-88.141022,1383
-116.768293,1375
-76.582222,1365
-119.784982,1357
-87.61612,1352
-108.165034,1350
-86.990419,1346
-104.524135,1345
-90.723028,1339
-91.390405,1337
-106.325088,1337
-87.426481,1336
-87.484733,1333
-87.33476,1332
-95.310863,1328
-98.589158,1327
-105.591725,1327
-87.696467,1321
-78.877478,1315
-108.272271,1301
-84.3914,1298
-116.270278,1297
-85.679117,1295
-151.0693,1295
-84.525,1293
-120.47069,1292
-97.465703,1292
-112.460347,1291
-95.377916,1289
-82.408162,1282
-115.323746,1279
-79.956983,1273
-92.01732,1267
-91.715596,1266
-78.84984,1264
-111.803889,1263
-79.2887,1261
-106.650026,1256
-116.86147,1254
-95.38769,1254
-66.150615,1253
-89.049425,1252
-94.669697,1249
-87.91111,1249
-93.766012,1247
-89.99285,1246
-108.4268,1242
-122.9412,1237
-77.19822,1233
-109.438003,1231
-90.32408,1227
-86.108833,1225
-90.166201,1215
-95.857767,1215
-88.418567,1213
-87.272505,1211
-112.12796,1211
-90.052547,1205
-118.098668,1204
-79.885331,1201
-75.284723,1196
-111.983056,1196
-117.67296,1190
-96.387903,1186
-122.938971,1183
-84.49215,1182
-97.486983,1181
-111.178286,1180
-79.850404,1179
-111.968611,1178
-77.75007,1177
-104.612133,1175
-86.236673,1175
-121.503795,1167
-104.52277,1164
-93.25892,1162
-109.097302,1160
-79.98476,1160
-66.171125,1157
-89.97625,1157
-92.051511,1152
-74.003674,1151
-108.221463,1148
-85.969444,1143
-111.279698,1140
-76.398633,1139
-79.056667,1138
-64.784868,1137
-87.569458,1135
-104.827739,1133
-79.794444,1130
-93.29874,1129
-66.725988,1127
-80.160324,1127
-118.21071,1126
-79.285697,1117
-84.661514,1116
-87.934251,1115
-102.342066,1111
-122.92229,1106
-85.73195,1102
-86.418323,1101
-96.87206,1097
-83.47611,1096
-84.562779,1095
-94.838889,1093
-115.268517,1090
-65.828617,1082
-71.166188,1077
-106.482922,1075
-96.8033,1062
-93.75945,1061
-64.931389,1059
-118.417478,1058
-80.021669,1053
-82.9875,1052
-79.31881,1042
-124.1621,1042
-109.53044,1042
-122.2806,1041
-77.42796,1039
-97.88728,1037
-104.63477,1029
-98.252778,1027
-103.664943,1027
-112.111275,1026
-91.062605,1025
-82.100646,1024
-82.173149,1023
-122.876155,1021
-105.23637,1016
-84.317057,1015
-123.348466,1015
-85.614371,1014
-96.792778,1007
-112.199722,1004
-86.287508,999
-76.511025,995
-106.96432,995
-86.04054,993
-76.394788,988
-73.88083,988
-111.97205,987
-108.3637,985
-92.662696,982
-96.682001,982
-89.792778,979
-97.761803,977
-74.212738,975
-87.407817,973
-87.086977,973
-88.075727,972
-118.82915,970
-89.949533,969
-86.248773,967
-112.087717,967
-82.618709,964
-82.665331,961
-83.478333,960
-114.163172,960
-124.20347,957
-71.444583,956
-82.97918,954
-84.414356,953
-89.092767,941
-80.677853,937
-71.40743,934
-77.16338,931
-111.3295,928
-94.985964,928
-96.824166,923
-98.505419,921
-97.026899,919
-118.162833,913
-88.240553,913
-95.691927,912
-91.538493,909
-118.68909,909
-85.149693,908
-87.071081,908
-78.765825,905
-86.730301,905
-103.209138,902
-104.545153,899
-114.050347,898
-86.734442,897
-98.564936,895
-74.95151,889
-122.2144,885
-83.968032,885
-88.277992,882
-106.725034,880
-84.331705,877
-104.761296,877
-121.312554,875
-94.769127,874
-91.788991,873
-123.675233,873
-93.272049,868
-83.109563,865
-85.2943,863
-105.551745,863
-77.603293,856
-90.143529,855
-104.20432,847
-85.181581,846
-117.42635,846
-118.049167,844
-123.017704,844
-96.40021,840
-88.815556,840
-117.257654,839
-108.578889,838
-80.00705,836
-77.55728,836
-90.11819,835
-110.74526,831
-88.201865,830
-122.5901,829
-70.962766,829
-71.462528,829
-104.93647,827
-75.926667,826
-108.563775,826
-106.668643,825
-87.810047,818
-121.843286,818
-72.634444,817
-95.748594,817
-106.27767,816
-80.056707,814
-111.652777,814
-116.015997,812
-80.096709,806
-109.01673,806
-84.451885,805
-81.273114,802
-89.83447,799
-67.146013,798
-90.188394,798
-86.250628,794
-72.894167,788
-90.121733,788
-82.980105,787
-80.592318,787
-94.150987,787
-96.394755,786
-72.919722,785
-78.919972,782
-106.976243,778
-93.655976,775
-112.535556,770
-106.949853,769
-89.923883,769
-85.50942,768
-84.191884,765
-109.207,765
-84.1441,757
-95.125495,755
-89.567498,755
-122.816411,755
-80.7464,751
-98.152066,750
-90.887216,749
-112.023051,743
-84.69086,742
-107.3286,741
-80.706472,740
-122.747894,737
-79.941162,732
-95.425128,731
-105.504167,730
-109.43128,730
-73.419845,728
-114.835007,726
-109.860957,726
-120.64472,725
-104.75308,724
-118.06056,723
-96.146955,722
-105.517022,721
-84.36374,720
-80.077,718
-87.55802,717
-84.397112,716
-70.154046,716
-83.711051,714
-122.7721,714
-91.642692,713
-102.56842,713
-105.586,710
-104.1675,710
-100.764867,709
-93.199879,708
-122.3003,706
-80.617845,706
-90.041559,706
-96.768889,705
-75.28939,705
-71.362068,703
-78.6802,702
-77.59355,700
-95.635833,699
-89.666667,697
-122.075695,697
-114.101502,696
-95.499219,696
-110.182742,694
-106.961763,694
-108.386,692
-82.46714,692
-91.251943,690
-77.165556,689
-80.720308,687
-121.888575,685
-84.513662,684
-80.281717,682
-103.129097,682
-76.653056,680
-123.0353,676
-76.48105,676
-115.148885,670
-90.132528,666
-122.278385,665
-70.963346,663
-147.69327,660
-76.6375,660
-94.711813,659
-105.54913,657
-98.425672,655
-81.235677,653
-94.845807,652
-97.630039,650
-89.691056,648
-122.40179,648
-123.35872,647
-95.284096,647
-96.873056,647
-111.926388,645
-81.911636,645
-97.087656,643
-98.183101,643
-71.026111,639
-97.126389,636
-94.856568,635
-123.091457,633
-87.118053,630
-75.219903,630
-80.801914,629
-118.293547,625
-83.372102,625
-87.623851,620
-84.369652,617
-82.749971,609
-115.091437,608
-73.528456,608
-87.376,606
-93.208537,603
-96.657222,602
-94.317246,601
-84.3942,601
-88.229531,599
-122.4031,599
-96.116128,598
-116.365,598
-81.580125,597
-90.38243,597
-96.78331,594
-82.161501,593
-87.258969,592
-86.83096,590
-94.830059,589
-90.708724,587
-77.910073,584
-122.821548,584
-107.62863,583
-73.817694,583
-101.832384,580
-73.985694,574
-114.158166,574
-81.673603,573
-76.93219,573
-110.76604,572
-90.176483,571
-104.998113,570
-71.031994,570
-114.907429,569
-94.817485,569
-116.76553,568
-78.619723,566
-83.4785,564
-106.501045,563
-122.967048,562
-68.038403,561
-72.337867,560
-90.40164,558
-113.410782,557
-112.00264,557
-94.706904,556
-86.844112,555
-91.994618,553
-76.729444,552
-121.77278,551
-72.502882,551
-89.900919,550
-98.339784,549
-97.316912,547
-73.84318,546
-69.786717,545
-121.32281,543
-91.150107,538
-119.204153,538
-72.67037,538
-80.187837,537
-80.615352,536
-85.375489,536
-90.285934,534
-117.91427,531
-87.256,530
-71.537572,529
-84.20077,528
-111.882222,527
-119.970609,526
-123.006,520
-103.658056,518
-101.847594,515
-83.34573,512
-116.563611,511
-85.74024,510
-118.095206,510
-66.854065,509
-112.233973,509
-112.466667,506
-117.018611,505
-72.921389,500
-86.879453,500
-88.994276,500
-92.079912,497
-97.328056,491
-89.08955,489
-89.819291,487
-92.321834,486
-88.529835,486
-80.640576,484
-74.036218,484
-90.792025,484
-86.994,483
-92.887985,482
-87.90799,482
-94.578018,481
-89.376786,481
-116.0275,480
-76.935,479
-103.315765,478
-75.212119,476
-113.483612,475
-88.229722,473
-93.156253,469
-79.657187,469
-76.293825,468
-73.183996,468
-80.607945,466
-123.2673,463
-91.620178,461
-88.043167,460
-73.07908,458
-88.007778,456
-106.588333,456
-97.074444,455
-95.104444,454
-87.92087,447
-87.557513,445
-87.732457,445
-87.318789,444
-82.432436,440
-92.480971,440
-79.96,440
-122.832817,440
-123.353621,439
-119.052159,438
-82.994424,437
-75.22506,436
-93.614107,436
-106.288,432
-112.478889,430
-149.817389,429
-77.785533,427
-115.13977,424
-106.4125,423
-91.404237,422
-112.108597,420
-73.9389,419
-71.151156,419
-115.534156,417
-99.515222,416
-108.592334,414
-73.91441,414
-123.139831,412
-73.977823,410
-97.87806,403
-94.5875,400
-82.776213,400
-70.926149,398
-114.175681,398
-86.078775,397
-106.377909,397
-147.347208,397
-111.091608,395
-105.61489,395
-81.24248,394
-122.130681,394
-103.270045,391
-98.312512,389
-96.786419,387
-70.256178,381
-108.073118,378
-77.140472,375
-116.178156,375
-102.7815,373
-120.655171,372
-94.919444,371
-114.447071,371
-97.200556,370
-76.16479,369
-79.78366,369
-92.11732,368
-95.267222,367
-81.684717,366
-93.58385,366
-107.813061,366
-79.175024,365
-95.474167,363
-93.054346,362
-73.384203,362
-71.672011,359
-73.4906,358
-87.56783,357
-71.788685,354
-103.274271,353
-73.355735,351
-94.162704,351
-106.7222,349
-73.189835,348
-75.879909,348
-111.068135,346
-104.937668,345
-116.550833,343
-71.466609,343
-112.331,342
-110.53788,341
-73.82841,341
-148.9676,340
-123.345833,338
-102.471578,336
-101.625425,336
-71.444509,336
-74.01871,333
-107.009659,331
-86.928322,329
-89.033721,327
-97.082314,326
-81.119776,325
-106.974698,325
-118.13285,324
-103.091252,323
-150.252229,322
-71.482775,322
-91.701611,322
-77.564302,321
-94.041021,318
-122.20161,318
-73.63648,315
-119.956738,314
-95.397744,313
-121.203387,313
-117.08218,313
-72.5912,311
-81.384247,310
-92.58683,309
-97.250331,309
-95.015544,307
-106.831625,304
-83.435531,304
-84.437427,304
-83.157893,303
-91.455353,302
-97.454167,300
-116.370001,299
-93.256892,298
-82.159595,297
-74.146944,296
-71.465621,295
-86.956091,295
-94.5741,295
-86.959031,294
-112.014971,293
-112.04645,292
-76.16075,291
-85.592019,290
-97.99325,290
-102.984855,290
-117.042701,287
-88.995909,286
-80.33845,285
-67.14588,284
-112.14426,284
-103.6491,281
-96.490556,281
-66.052237,281
-81.788731,280
-97.03135,277
-86.889961,277
-71.68638,276
-81.228409,275
-97.468889,275
-93.267117,273
-93.240046,272
-122.7305,270
-93.599221,270
-111.657936,269
-122.91333,269
-111.901851,266
-84.39576,266
-75.748889,266
-109.760975,266
-92.058531,262
-115.0145,261
-112.35578,260
-111.16489,260
-89.927185,257
-79.95699,257
-96.793611,252
-119.950183,252
-86.142953,251
-96.317687,250
-106.77167,248
-76.932778,247
-93.418333,246
-120.033084,246
-122.556,244
-91.68931,243
-76.58905,243
-80.868318,242
-93.285084,240
-81.3425,239
-95.249943,238
-117.142665,235
-103.269603,235
-64.922922,235
-94.303524,234
-121.281414,230
-77.04435,230
-79.976767,230
-87.052775,229
-113.885678,229
-80.866837,229
-95.350278,229
-93.24428,228
-87.538895,228
-79.998889,228
-71.474179,225
-112.697617,224
-122.852272,224
-108.739562,223
-107.874589,222
-84.063264,222
-87.988333,221
-98.96729,218
-97.059479,215
-92.513241,215
-91.335868,215
-114.338189,212
-77.142758,210
-134.510427,209
-71.378389,206
-80.766181,205
-71.311449,205
-94.169183,205
-80.24452,204
-95.701371,204
-71.467568,201
-93.082984,200
-106.722811,198
-116.968133,196
-120.433294,196
-76.827778,196
-97.025,195
-80.847294,195
-81.124988,192
-84.606753,191
-80.30236,191
-72.963992,190
-81.401753,189
-76.543297,188
-80.933401,187
-116.885623,185
-90.327477,185
-87.994269,185
-106.425827,183
-93.300703,183
-89.580378,181
-85.833322,181
-80.005,180
-67.061325,180
-112.00876,180
-110.770111,179
-93.126951,178
-93.277353,178
-118.041111,174
-89.06281,173
-75.165722,173
-110.951513,172
-72.077585,170
-111.033167,170
-103.297684,168
-87.169167,168
-95.361389,167
-91.574296,167
-104.024657,167
-97.899009,166
-93.067534,165
-120.540234,165
-71.40589,162
-70.753665,161
-73.75861,160
-92.668767,158
-81.62679,157
-89.998605,157
-79.886498,156
-87.905344,154
-92.77415,154
-147.692461,153
-88.001215,153
-91.45845,152
-92.65225,152
-122.795833,151
-93.233227,150
-97.47033,150
-72.009533,149
-111.8952,149
-94.229248,146
-83.938889,145
-117.18014,145
-111.86819,144
-70.762276,144
-94.205662,143
-73.94722,139
-112.25892,139
-90.679516,139
-92.000973,138
-84.9457,137
-92.654228,135
-111.972778,130
-85.253291,128
-78.43471,127
-122.31488,126
-101.850419,126
-119.283,125
-90.146308,125
-117.060445,124
-89.15513,124
-93.195377,124
-122.233454,122
-82.979793,122
-89.340168,121
-114.648905,120
-78.987809,120
-116.567724,120
-88.9827,119
-71.427881,118
-75.925222,118
-97.300869,116
-90.514301,116
-119.262991,116
-117.330879,114
-91.558461,114
-135.31053,113
-89.052683,111
-91.961255,111
-104.991037,110
-94.550794,110
-92.24126,109
-116.265718,109
-120.121113,107
-104.767157,107
-84.511151,105
-106.700581,104
-93.05684,103
-106.0228,103
-106.34836,103
-131.650019,102
-121.633556,102
-106.7,102
-112.022222,99
-123.83173,98
-89.05083,98
-82.80677,98
-103.275,98
-118.3819,97
-147.872,97
-93.01216,96
-90.045465,95
-91.496,94
-89.44114,93
-75.241209,92
-87.907356,92
-121.9379,92
-91.962076,91
-89.44933,91
-102.788333,90
-82.359807,90
-112.682575,89
-112.020708,88
-123.058344,88
-123.464555,88
-96.903356,88
-66.162122,87
-89.81415,86
-92.78027,86
-111.591443,85
-106.966104,84
-90.211619,83
-122.201234,83
-82.418487,82
-123.115827,80
-75.16222,80
-80.965038,79
-85.871906,78
-74.143741,77
-109.510393,76
-93.366599,75
-122.77897,74
-78.9941,73
-116.572222,72
-107.012731,71
-94.786643,71
-86.796389,71
-119.2737,71
-90.05689,70
-122.961944,69
-116.515456,69
-122.40287,68
-122.969575,68
-71.418406,64
-120.528677,63
-104.745221,63
-117.365183,63
-105.812778,62
-118.35147,62
-87.481507,62
-96.399141,62
-118.178601,62
-121.883215,62
-117.903611,62
-94.367483,61
-120.318333,60
-73.64416,60
-87.3316,60
-116.92615,60
-122.410889,60
-117.714376,59
-119.702079,59
-122.955557,59
-74.043673,58
-74.043459,58
-89.809739,58
-74.043758,58
-87.819779,58
-134.516499,57
-116.960177,56
-116.094873,56
-80.203114,56
-116.959578,56
-115.972386,55
-106.402806,54
-116.992533,54
-106.291111,54
-115.8395,54
-123.36479,51
-114.276817,50
-94.039819,50
-116.116255,48
-95.605594,48
-95.421667,47
-93.203005,47
-75.151565,47
-90.231783,47
-119.999677,46
-73.58549,46
-93.526411,46
-120.472715,46
-88.119762,44
-147.372278,44
-92.822429,43
-89.94952,42
-95.040357,42
-95.584209,42
-94.359379,41
-87.334,41
-87.3287,41
-87.3285,40
-118.079108,39
-81.504622,35
-98.485017,35
-84.51157,30
-81.040235,29
-91.264331,27
-89.76997,26
-84.9701,26
-120.72932,26
-77.783464,26
-79.957197,22
-90.123099,22
-79.867063,21
-79.973596,21
-82.401163,21
-120.664702,21
-97.118348,20
-80.94228,20
-83.01159,19
-82.380631,18
-87.487528,18
-90.359524,18
-73.909581,15
-123.2321,14
-89.737333,14
-135.32125,12
-89.804767,11
-89.3743,11
-89.267386,11
-111.752943,11
-83.310242,10
-117.52997,10
-89.448333,8
-120.435441,4
-88.87987,3
-110.800749,2
